{"global_orient": [2.9227028165068676, 0.7344901352868459, 4.929059916222509], "pose": [0.226027917946454, -0.0838708911071381, 0.061455086456866266, -0.2863760187961668, 0.22016590680561074, 0.0276868919942418, 0.09349266962008432, 0.040991199468903484, -0.021079419638048026, -0.016182540835790685, 0.05796772131147713, 0.09212601690720204, -0.013450074898397968, -0.12260874299803814, 0.19009074207556023, 0.04665678980926111, -0.04762992284206842, -0.023923224625182694, -0.12303344053386145, -0.406471267403654, 0.06538544168605062, -0.0017754566561089093, 1.2267032989893838, -0.021682495865705132, 0.02723337305062711, 1.193898787980821, 0.06545726443425079, 0.023712438323185984, -0.12946181665084092, -0.045096096466303165, -0.0009188842194198953, -0.3713253445162798, -0.11902495488223083, 0.04909335124813077, -0.08194590099521538, -0.10752737665650727, 0.014306058835564194, 0.12332831054216085, 0.10529111989900197, 0.014253363652023844, 0.5414958669078227, 0.16200703461705365, -0.03106825103624887, 0.004790890976510524, -0.04231457316924796, -0.08230190423300696, -0.07312510059434818, 0.09216871251082216, -0.026846857633394037, 0.12750428769278352, -0.04745097802882796, 0.049161779945195126, -0.48381460224658906, -0.09938559533066503, 0.018013386611344804, 0.3663125527961865, 0.011971485635445485, 0.017928481420162366, -0.14229645781195824, 0.18451503095965963, 0.06988411917176782, 0.2676846951435544, 0.09759340066523105, 0.028302780457839228, 0.2744709255976572, 0.05533901248351163, -0.0013769618055321535, -0.08514812681025427, -0.13575164501563572, 0.1415604109601133, 0.8925143284641782, -0.03303582450308852, -0.07156636892149834, 0.20002976122157093, -0.1479612882547101, 0.035757586047501545, -0.02490948327794037, 0.06836412847664328, 0.019097678446994476, 0.05820456463836033, -0.11131098888300194, -0.09083317857099421, -0.05548616363674273, -0.0718650391337967, 0.17044530868232072, 0.3669975163145207, 0.2204242904584628, 0.09156116555629774, 0.18403422608815462, 0.07561838074402036, 0.05637333490105205, 0.06327929149702541, -0.031227707771442192, -0.04648484668792164, -0.1946259099233392, -0.004005295423593423, -0.12389670086909259, 0.021593294543502978, -0.0505301972353396, -0.1668600581572698, -0.10097887438812014, 0.024618204730850975, 0.0939142293506224, 0.007143519210531937, 0.014148915423360173, -0.30563277267692424, 0.27790140340924563, 0.9099541541317949, 0.08272007996489755, 0.6337519753123546, -0.701468735008105], "betas": [-0.018157485059733896, -0.03646554817737066, 0.019168472827730425, -0.004999596360268192, -0.09129005625842503, -0.012400516695180976, -0.009212999128459118, -0.06097741504353027, -0.09441320453040507, -0.04861976708064267, 0.0, 0.0, 0.0, 0.0, 0.0, 0.0, 0.0, 0.0, 0.0, 0.0, 0.0, 0.0, 0.0, 0.0, 0.0, 0.0, 0.0, 0.0, 0.0, 0.0, 0.0, 0.0, 0.0, 0.0, 0.0, 0.0, 0.0, 0.0, 0.0]}